path,type
/,others
/tags/,others
/tag/,others
/search/,others
/labels/,others
/label/,others
/label/,others
/category/,others
/about-us/,others
/contacts/,others
/authors/,others
/privacy-policy/,others
/terms-conditions/,others
/email-whitelisting/,others
/author/,others
/wp-login.php,others
/subscribe/,others
//edition.cnn.com?hpt=header_edition-picker,others
//arabic.cnn.com?hpt=header_edition-picker,others
//cnnespanol.cnn.com?hpt=header_edition-picker,others
//us.cnn.com?hpt=header_edition-picker,others
/lazy_section.php?page=1&sid=110&pubid=1&last=2059237&last_date=1606224600&last_trend=2550&exceed=1&a,others
/lazy_section.php?page=10&sid=110&pubid=1&last=2059237&last_date=1606224600&last_trend=2550&exceed=1&a,others
/lazy_section.php?page=20&sid=110&pubid=1&last=2059237&last_date=1606224600&last_trend=2550&exceed=1&a,others
/section/brandrap,others
/section/brandrap/announcements,others
/section/brandrap/beyond-the-buy,others
/section/brandrap/data-stories,others
/section/brandrap/detours,others
/section/brandrap/finance-and-industries,others
/section/brandrap/goodrap,others
/section/brandrap/health-beauty-and-wellness,others
/section/brandrap/home-and-parenting,others
/section/brandrap/lifestyle-and-entertainment,others
/section/brandrap/profiles-and-advocacies,others
/section/brandrap/tech-and-innovation,others
/section/brandrap/travel-and-food,others
/section/bulletin-board,others
/section/business,others
/section/business/consumer-issues,others
/section/business/corporate,others
/section/business/economy,others
/section/business/industries,others
/section/business/infrastructure,others
/section/business/personal-finance,others
/section/business/stocks-banking,others
/section/entertainment,others
/section/entertainment/celebrities,others
/section/entertainment/live-jam,others
/section/entertainment/movies,others
/section/entertainment/music,others
/section/entertainment/pageants,others
/section/entertainment/series,others
/section/entertainment/theater,others
/section/environment,others
/section/environment/climate-change,others
/section/environment/disasters,others
/section/environment/nature,others
/section/environment/pollution,others
/section/hustle,others
/section/hustle/adulting,others
/section/hustle/food,others
/section/hustle/play,others
/section/hustle/purpose,others
/section/hustle/work,others
/section/life-and-style,others
/section/life-and-style/arts-culture,others
/section/life-and-style/astrology,others
/section/life-and-style/food-drinks,others
/section/life-and-style/health-and-wellness,others
/section/life-and-style/literature,others
/section/life-and-style/relationships,others
/section/life-and-style/style,others
/section/life-and-style/travel,others
/section/moveph,others
/section/moveph/advocacies,others
/section/moveph/agos,others
/section/moveph/partners,others
/section/nation,others
/section/nation/elections,others
/section/nation/luzon,others
/section/nation/metro-manila,others
/section/nation/mindanao,others
/section/nation/national-news,others
/section/nation/overseas-filipinos,others
/section/nation/rappler-talk,others
/section/nation/special-coverage,others
/section/nation/visayas,others
/section/nation/weather,others
/section/newsbreak,others
/section/newsbreak/data-documents,others
/section/newsbreak/explainers,others
/section/newsbreak/fact-check,others
/section/newsbreak/in-depth,others
/section/newsbreak/inside-track,others
/section/newsbreak/investigative,others
/section/newsbreak/podcasts-videos,others
/section/newsbreak/iq,others
/section/science,others
/section/science/discoveries-inventions,others
/section/science/earth-space,others
/section/science/life-health,others
/section/science/society-culture,others
/section/sports,others
/section/sports/boxing,others
/section/sports/fiba,others
/section/sports/football,others
/section/sports/gilas-pilipinas,others
/simone-rocha-enters-the-world-of-fast-fashion-for-her-latest-collab/,article
/these-are-the-top-5-designer-it-bag-drops-of-2021-so-far/,article
/bl-style-10-best-street-ready-looks-of-brightwin-so-far/,article
/5-sneaker-trends-2021-best-kicks-to-wear/,article
/and-just-like-that-sex-and-the-city-revival-is-finally-confirmed/,article
/all-the-looks-maymay-entrata-wore-as-she-spent-her-holidays-in-dubai/,article
/5-skincare-ingredients-that-are-approved-by-real-women/,article
/look-forward-to-more-luxury-guess/,article
/a-closer-look-on-swatchs-sparkling-holiday-collection/,article
/bulgari-and-ambush-collaborate-new-generation-of-luxury/,article
/rare-longhchamp-appeared-with-pokemon-pikachu/,article
/wear-your-art-on-your-sleeve-levis-and-lego-release-new-colorful-collection/,article
/bag-for-a-cause-heres-how-you-can-give-back-with-carolina-herrera/,article
/evoke-breakthrough-non-invasive-and-contactless-facial-treatment/,article
/how-to-properly-switch-out-skincare-products-in-your-beauty-routine/,article
/fashion-runway/,others
/beauty/,others
/features/,others
/mega-man/,others
/megastyle/,others
/mega-ent/,others
/shop/,others
/the-natural-solution-to-this-common-filipina-beauty-concern/,article
/why-the-k-beauty-philosophy-is-perfect-for-self-care/,article
/loreal-paris-blooming-kisses-collection/,article
/spotlight-cosmetics-local-makeup-brand-launches/,article
/travel-through-time-with-your-senses/,article
/laureen-uy-beauty-look-megastyle-cover/,article
/sari-yap-mega-legacy/,article
/switch-up-these-essentials-to-a-cheaper-and-more-sustainable-alternative/,article
/all-the-k-dramas-to-look-out-for-2021/,article
/these-online-shops-are-where-you-can-get-curated-vintage-pieces-from/,article
/sanivir-smoke-in-beauty-clinics-safe-during-the-pandemic/,article
/petalier-blloons-chandelle-de-petalier/,article
/eye-optical-sunnies-specs-on-wheels/,article
/section/sports/nba,others
/section/sports/ncaa,others
/section/sports/pba,others
/section/sports/uaap,others
/section/sports/volleyball,others
/section/technology,others
/section/technology/apps,others
/section/technology/gadgets,others
/section/technology/gaming,others
/section/technology/innovations,others
/section/technology/internet-culture,others
/section/technology/reviews,others
/section/technology/social-media,others
/section/technology/features,others
/section/video,others
/section/video/basagan-ng-trip,others
/section/video/daily-wrap,others
/section/video/documentaries,others
/section/video/duterte-live,others
/section/video/rappler-live-jam,others
/section/video/rappler-talk-video,others
/section/video/reporters-vlogs,others
/section/video/right-of-way,others
/section/video/stories,others
/section/video/video-explainers,others
/section/video/watch-now-live,others
/technology/features/what-to-expect-ces-2021,article
/hustle/adulting/how-to-reset-your-life-2021,article
/hustle/work/hr-guru-embracing-technology,article
/business/united-states-filing-unemployment-benefits-december-27-2020-january-2-2021,article
/business/blackrock-hits-top-glove-board-worker-safety-coronavirus-pandemic,article
/business/spain-unemployment-rate-q3-2020,article
/sports/nba/nets-kyrie-irving-skips-game-personal-reasons,article
/world/us-canada/some-trump-supporters-expected-court-police-hunt-more-stormed-us-capitol,article
/world/us-canada/top-white-house-officials-resign-after-capitol-violence,article
/business/tunisia-tourism-revenue-2020-coronavirus-pandemic,article
/world/us-canada/us-congress-accepts-electoral-college-result-january-7-2021,article
/business/ryanair-slashes-annual-traffic-target-draconian-uk-irish-lockdowns-january-2021,article
/business/north-korea-economy-struggles-sanctions-covid-19-weigh,article
/business/united-nations-fao-food-price-index-december-2020,article
/business/marks-spencer-backs-call-stop-forced-labor-china-xinjiang,article
/world/asia-pacific/japan-declares-state-of-emergency-for-tokyo-area-as-covid-19-cases-surge,article
/world/europe/spain-snow-storm-january-2021,article
/newsbreak/fact-check/sinas-attends-party-december-2020,article
/newsbreak/fact-check/fernando-zobel-de-ayala-shames-opposition-sides-duterte,article
/world/asia-pacific/jailed-hk-activist-joshua-wong-suspected-violating-new-security-law,article
/business/malaysia-airlines-debt-restructuring-nears-completion-january-2021,article
/business/updates-global-stock-markets-january-7-2021,article
/business/lvmh-shakes-up-tiffany-management-january-7-2021,article
/business/uk-retailers-face-tariffs-re-exporting-goods-european-union-january-2021,article
/world/us-canada/how-security-failures-enabled-trump-mob-storm-us-capitol,article
/business/boeing-agrees-settlement-united-states-criminal-probe-737-max-crashes-january-2021,article
/sports/nba/lebron-james-looking-at-buying-stake-atlanta-wnba-franchise,article
/business/dito-telecom-first-technical-audit-starts-january-7-2021,article
/entertainment/celebrities/james-reid-nadine-lustre-go-hike-together,article
/entertainment/celebrities/catriona-gray-celebrates-birthday-january-2021,article
/entertainment/celebrities/sasha-baron-cohen-says-borat-will-not-be-coming-back,article
/business/keeping-coronavirus-at-bay-vietnam-revs-up-economy-race-ahead-rivals,article
/voices/imho/opinion-all-we-want-for-2021,article
/moveph/webinar-turning-outrage-activism,article
/nation/weather/low-pressure-area-itcz-pagasa-forecast-january-7-2021-4pm,article
/world/us-canada/facebook-instagram-block-trump-accounts-for-rest-presidential-term,article
/life-and-style/food-drinks/panda-express-party-trays-orange-chicken,article
/world/us-canada/world-stunned-by-trump-supporters-storming-us-capitol,article
/voices/thought-leaders/opinion-roof-for-baby-panunuluyan-hopes-2021,article
/world/us-canada/police-say-woman-shot-at-united-states-capitol-has-died,article
/sports/philippine-tokyo-olympics-hopefuls-enter-training-bubble,article
/voices/imho/opinion-epitaph-era-trump,article
/video/daily-wrap/january-7-2021-evening-edition,article
/world/us-canada/biden-statement-trump-supporters-storm-united-states-capitol-january-2021,article
/nation/senators-question-timing-charter-change-talks,article
/world/asia-pacific/japan-daily-coronavirus-cases-hit-record-january-6-2021,article
/entertainment/series/slam-dunk-get-another-film,article
/science/life-health/moderna-ceo-says-vaccine-likely-to-protect-for-couple-of-years,article
/nation/updates-feast-black-nazarene-nazareno-2021,article
/nation/charter-change-alive-congress-dela-rosa-tolentino-push-constitutional-assembly,article
/life-and-style/food-drinks/china-dicos-plant-based-eggs-fast-food-menu,article
/nation/ex-dar-official-gets-back-pay-after-3-decades,article
/nation/ex-dar-official-gets-back-pay-after-decades,article
/business/updates-global-stock-markets-january-6-2021,article
/nation/video-opening-mass-fiesta-senor-january-8-2021,article
/nation/all-physical-events-canceled-sinulog-2021,article
/sports/nba/community-reacts-after-capitol-riots,article
/news,others
/world,others
/business,others
/entertainment,others
/sports,others
/life,others
/life/culture,others
/life/style,others
/life/leisure,others
/life/entertainment,others
/transportation,others
/business/2021/1/8/Boeing-agrees-to-pay-charges-with-US-FDA.html,article
/news/2021/1/8/Two-sisters-die-Quezon-City-fire.html,article
/world/2021/1/8/Pence-planning-to-attend-Biden-inauguration-but-awaiting-invitation--source-says.html,article
/world/2021/1/8/Calls-grow-in-Congress-for-Trump-to-be-removed-by-impeachment-or-the-25th-Amendment.html,article
/news/2021/1/8/live-updates-covid-pandemic.html,article
/news/2021/1/7/sherwin-gatchalian-nbi-complaint-hacked-credit-card.html,article
/news/2021/1/7/Christine-Dacera-final-hours-friends-respondents-.html,article
/news/2021/1/7/Manila-covid-19-vaccination-pre-registration.html,article
/world/2021/1/7/WHO-calls-for-more-intensified-measures-to-fight-UK-coronavirus-variant.html,article
/world/2021/1/8/Mark-Zuckerberg-says-Facebook-may-block-Trump--indefinitely-.html,article
/business/2021/1/8/Elon-Musk-overtakes-Jeff-Bezos-to-become-world-s-richest-person.html,article
/world/2021/1/7/insurrection-capitol-extremist-groups.html,article
/business/2021/1/7/burger-king-new-logo.html,article
/sports/2021/1/7/National-boxers--jins--and-karatekas-first-to-train-in--Calambubble--.html,article
/news/2021/1/7/sws-filipinos-worried-catching-covid-19.html,article
/sports/2021/1/7/Collin-Morikawa-life-changing-major-win.html,article
/news/2021/1/7/philhealth-P15-billion-irm-liquidations.html,article
/business/2021/1/7/sec-oks-first-crowdfunding-portal.html,article
/business/2021/1/7/nyse-china-stocks-reversal.html,article
/business/2021/1/7/agriculture-output-Q1-2021-SEARCA.html,article
/world/2021/1/6/hongkong-national-security-law.html,article
/world/2021/1/6/trump-supporters-object-counting-electors-opinion.html,article
/lifestyle/2021/1/7/longer-life-span-11-minutes-workout.html,article
/lifestyle/2021/1/7/Recycling-airplane-retire-.html,article
/regional/2021/1/6/cebu-doctors-sinulog-festival-coronavirus-pandemic.html,article
/lifestyle/2021/1/7/Denmark-John-Dillermand-controversy.html,article
/business/2021/1/7/Fox-News-right-wing-media-tinder-Trump-.html,article
/entertainment/2021/1/7/animal-planet-puppy-bowl.html,article
/world/2021/1/7/japan-state-of-emergency-tokyo-coronavirus.html,article
/business/2021/1/7/BSP-more-investors-bills-bonds-offer.html,article
/entertainment/2021/1/7/Disney-Filipino-lola-upcoming-film-.html,article
/entertainment/2021/1/6/dr-dre-hospitalized.html,article
/world/2021/1/7/us-capitol-attacks-history.html,article
/lifestyle/2021/1/7/rescue-puppies-for-adoption.html,article
/business/2021/1/7/US-business-leaders-Washington-riots.html,article
/business/2021/1/7/da-2021-rice-imports-projection.html,article
/regional/2021/1/7/Sinulog-2021-organizers-cancel-live-events.html,article
/entertainment/2021/1/7/The-Weeknd-new-look.html,article
/business/2021/1/7/dito-telecommunity-starts-technical-audit.html,article
/news/2021/1/7/COVID-19-vaccine-survey-Philippines.html,article
/news/2021/1/7/New-COVID-19-variant-UK-Hong-Kong-Philippines.html,article
/entertainment/2021/1/7/Kim-Kardashian-and-Kanye-West-discussing-divorce.html,article
/world/2021/1/7/us-donald-trump-electoral-college-capitol-riot.html,article
/lifestyle/2021/1/6/Albert-Roux-chef-UK-dead-.html,article
/news/2021/1/7/PH-covid-cases-482k.html,article
/world/2021/1/7/Trump-pledges-orderly-transition-Congress-affirms-Biden-s-win-Capitol-riot.html,article
/world/2021/1/7/India-mass-bird-cull-avian-flu-outbreak.html,article
/news/2021/1/7/DPWH-district-engineers-PACC-corruption-list-relieved-.html,article
/news/2021/1/7/Netizens-celebrities-Christine-Dacera-sorry-misinformation.html,article
/news/2021/1/7/Christine-Dacera-swab-sample-rape-evidence-forensic.html,article
/category/politics-news,others
/category/stock-analysis,others
/category/economic-indicators,others
/category/investing-ideas,others
/category/business-insider,others
/category/top-news,others
/category/editors-pick,others
/u-s-retail-sales-expected-to-top-3-9-trillion-in-2020-despite-wild-cards-nrf,article
/gold-futures-settle-lower-again,article
/market-roars-back-on-trillion-dollar-stimulus-plan,article
/yen-falls-to-6-day-low-of-107-64-versus-u-s-dollar-after-boj-decision,article
/citysprint-to-recruit-over-750-couriers-across-the-uk-ahead-of-the-christmas-rush,article
/the-large-cap-tech-mirage-has-been-exposed,article
/uk-new-car-sales-fall-to-lowest-level-since-1946,article
/epic-games-takes-on-apple-and-google,article
/netflix-stock-falls-3,article
/its-good-for-the-soul-the-mini-rewilders-restoring-uk-woodland,article
/hitachi-reduces-digitalization-headaches-with-simplified-cloud-infrastructure,article
/proctergamble-stock-rises-3,article
/crude-oil-futures-end-sharply-higher-again,article
/easyjet-says-able-to-survive-a-lengthy-fleet-grounding,article
/many-u-s-businesses-unlikely-to-seek-government-aid-nabe-survey,article
/nokia-rolls-out-software-upgrade-to-5g,article
/spains-unemployment-rises-amid-new-covid-outbreaks-tourist-restrictions,article
/oil-prices-decline-after-china-economic-data-disappoints,article
/ngs-outstanding-debt-hits-p9-6-t-as-of-end-aug,article
/pacquiao-is-now-mobile-legends-bang-bang-ph-ambassador,article
/bank-of-america-sees-10-further-upside-for-european-equities-by-third-quarter,article
/scores-of-globe-smart-in-gaming-experience-decline-opensignal,article
/meeting-filipinos-financial-needs-during-the-pandemic,article
/inlifes-steps-for-a-cause-reaches-out-to-nine-charitable-institutions,article
/malaysia-economy-grows-least-in-a-decade,article
/can-you-imagine-high-school-teacher,article
/att-stock-rises-3-4,article
/virgin-atlantic-boss-seeks-7-5-billion-pound-uk-airline-bailout-sky-news,article
/u-s-health-agency-reverses-obamacare-transgender-protections,article
/trump-says-us-should-take-share-of-proceeds-from-proposed-tiktok-sale-video,article
/australian-retail-sales-surge-in-march-might-avert-first-quarter-gdp-contraction,article
/netflix-stock-falls-7,article
/euro-zone-investor-morale-improves-in-august-but-recovery-sluggish-sentix,article
/wall-street-week-ahead-big-tech-stocks-may-face-post-election-headwinds-no-matter-who-wins,article
/u-s-surpasses-95-million-early-ballots-on-eve-of-election-day,article
/australia-unexpectedly-adds-jobs-unemployment-edges-up-to-5-2,article
/a-6-9-dividend-with-crash-insurance-well-take-it,article
/pompeo-defends-firing-of-state-dept-watchdog-says-should-have-done-it-earlier,article
/neo-based-dex-partners-with-zilliqa-to-add-ethereum-and-eos-assets,article
/american-express-to-invest-1-billion-in-diversity-push-2,article
/fruitas-cuts-losses-to-p19m-as-revenues-rise,article
/is-national-fuel-nfg-stock-a-solid-choice-right-now,article
/viacomcbs-beats-estimates-for-second-quarter-revenue,article
/lgus-to-absorb-ng-programs-in-2022,article
/australian-consumer-prices-fall-by-record-in-second-quarter-outlook-weak,article
/romney-says-u-s-senate-republican-probe-of-biden-appears-political,article
/feds-kaplan-says-u-s-economy-will-live-with-virus-well-into-next-year,article
/treasuries-give-back-ground-amid-optimism-about-stimulus,article
/treasuries-move-notably-higher-as-trump-holds-press-conference-on-china-2,article
/sustaining-the-environment-through-reducing-co2-emissions,article
/pilipino-star-ngayon,others
/the-philippine-star,others
/micro_page.php?qcount=1µ=1&page=1&cell=2&lastid=2061015,others
/micro_page.php?qcount=1µ=10&page=1&cell=2&lastid=2061015,others
/micro_page.php?qcount=1µ=20&page=1&cell=2&lastid=2061015,others
